{"ahp_results": {"criteria_labels": ["K1", "K2", "K3"], "weights_main": [0.3333333333333333, 0.3333333333333333, 0.3333333333333333], "sub_criteria_dict": {"K1": ["K1_S1", "K1_S2", "K1_S3"], "K2": ["K2_S1", "K2_S2", "K2_S3", "K2_S4"], "K3": ["K3_S1", "K3_S2", "K3_S3"]}, "sub_matrices": {"K1": [[1.0, 1.0, 1.0], [1.0, 1.0, 1.0], [1.0, 1.0, 1.0]], "K2": [[1.0, 1.0, 1.0, 1.0], [1.0, 1.0, 1.0, 1.0], [1.0, 1.0, 1.0, 1.0], [1.0, 1.0, 1.0, 1.0]], "K3": [[1.0, 1.0, 1.0], [1.0, 1.0, 1.0], [1.0, 1.0, 1.0]]}, "df_main": {"K1": {"K1": 1.0, "K2": 1.0, "K3": 1.0}, "K2": {"K1": 1.0, "K2": 1.0, "K3": 1.0}, "K3": {"K1": 1.0, "K2": 1.0, "K3": 1.0}, "Weight": {"K1": 0.3333333333333333, "K2": 0.3333333333333333, "K3": 0.3333333333333333}}, "sub_results": {"K1": {"df_sub": {"K1_S1": {"K1_S1": 1.0, "K1_S2": 1.0, "K1_S3": 1.0}, "K1_S2": {"K1_S1": 1.0, "K1_S2": 1.0, "K1_S3": 1.0}, "K1_S3": {"K1_S1": 1.0, "K1_S2": 1.0, "K1_S3": 1.0}, "Weight": {"K1_S1": 0.3333333333333333, "K1_S2": 0.3333333333333333, "K1_S3": 0.3333333333333333}}, "weights_sub": [0.3333333333333333, 0.3333333333333333, 0.3333333333333333], "lambda_max_sub": 3.0, "CI_sub": 0.0, "CR_sub": 0.0, "RI_sub": 0.58}, "K2": {"df_sub": {"K2_S1": {"K2_S1": 1.0, "K2_S2": 1.0, "K2_S3": 1.0, "K2_S4": 1.0}, "K2_S2": {"K2_S1": 1.0, "K2_S2": 1.0, "K2_S3": 1.0, "K2_S4": 1.0}, "K2_S3": {"K2_S1": 1.0, "K2_S2": 1.0, "K2_S3": 1.0, "K2_S4": 1.0}, "K2_S4": {"K2_S1": 1.0, "K2_S2": 1.0, "K2_S3": 1.0, "K2_S4": 1.0}, "Weight": {"K2_S1": 0.25, "K2_S2": 0.25, "K2_S3": 0.25, "K2_S4": 0.25}}, "weights_sub": [0.25, 0.25, 0.25, 0.25], "lambda_max_sub": 4.0, "CI_sub": 0.0, "CR_sub": 0.0, "RI_sub": 0.9}, "K3": {"df_sub": {"K3_S1": {"K3_S1": 1.0, "K3_S2": 1.0, "K3_S3": 1.0}, "K3_S2": {"K3_S1": 1.0, "K3_S2": 1.0, "K3_S3": 1.0}, "K3_S3": {"K3_S1": 1.0, "K3_S2": 1.0, "K3_S3": 1.0}, "Weight": {"K3_S1": 0.3333333333333333, "K3_S2": 0.3333333333333333, "K3_S3": 0.3333333333333333}}, "weights_sub": [0.3333333333333333, 0.3333333333333333, 0.3333333333333333], "lambda_max_sub": 3.0, "CI_sub": 0.0, "CR_sub": 0.0, "RI_sub": 0.58}}}, "pm_results": [{"Alternatif": "A1", "K1_S1": 5, "K1_S2": 1, "K1_S3": 1, "K2_S1": 1, "K2_S2": 1, "K2_S3": 1, "K2_S4": 1, "K3_S1": 1, "K3_S2": 1, "K3_S3": 1, "K1": 2.333333333333333, "K2": 1.0, "K3": 1.0, "Final Score": 1.4444444444444442, "Ranking": 1}, {"Alternatif": "A2", "K1_S1": 5, "K1_S2": 1, "K1_S3": 1, "K2_S1": 1, "K2_S2": 1, "K2_S3": 1, "K2_S4": 1, "K3_S1": 1, "K3_S2": 1, "K3_S3": 1, "K1": 2.333333333333333, "K2": 1.0, "K3": 1.0, "Final Score": 1.4444444444444442, "Ranking": 2}, {"Alternatif": "A3", "K1_S1": 5, "K1_S2": 1, "K1_S3": 1, "K2_S1": 1, "K2_S2": 1, "K2_S3": 1, "K2_S4": 1, "K3_S1": 1, "K3_S2": 1, "K3_S3": 1, "K1": 2.333333333333333, "K2": 1.0, "K3": 1.0, "Final Score": 1.4444444444444442, "Ranking": 3}], "form_data": {"num_criteria": 3, "criteria_labels": [], "sub_criteria_dict": {}, "num_alternatives": 3, "alternatives": {}, "matrix_sub_K3_0_1": 1.0, "ideal_value_K2_S3": 5.0, "criteria_1": "K2", "matrix_main_0_2": 1.0, "value_A3_K2_S4": 0.0, "value_A1_K3_S1": 0.0, "value_A1_K1_S3": "", "data_type_K2_S1": "Numerik", "value_A1_K2_S2": 0.0, "num_sub_2": 3, "value_A2_K2_S2": 0.0, "criteria_0": "K1", "matrix_sub_K1_0_2": 1.0, "matrix_sub_K1_0_1": 1.0, "value_A3_K2_S1": 0.0, "matrix_sub_K2_0_1": 1.0, "value_A1_K3_S2": 0.0, "is_range_K2_S2": false, "value_A3_K2_S2": 0.0, "sub_0_2": "K1_S3", "value_A1_K2_S4": 0.0, "is_range_K3_S3": false, "data_type_K1_S2": "Numerik", "max_value_K1_S1": 5.0, "matrix_sub_K2_0_2": 1.0, "alt_name_0": "A1", "sub_criteria": {"K1": ["K1_S1", "K1_S2", "K1_S3"], "K2": ["K2_S1", "K2_S2", "K2_S3", "K2_S4"], "K3": ["K3_S1", "K3_S2", "K3_S3"]}, "value_A1_K3_S3": 0.0, "matrix_main_0_1": 1.0, "ideal_value_K2_S2": 5.0, "value_A1_K2_S1": 0.0, "criteria_2": "K3", "ideal_value_K1_S2": 5.0, "matrix_sub_K3_1_2": 1.0, "value_A3_K3_S3": 0.0, "is_range_K2_S4": false, "sub_0_1": "K1_S2", "value_A3_K1_S1": 0.0, "data_type_K2_S4": "Numerik", "value_A3_K3_S2": 0.0, "data_type_K2_S3": "Numerik", "sub_1_2": "K2_S3", "alt_name_1": "A2", "value_A2_K2_S3": 0.0, "ideal_value_K1_S3": "", "num_sub_1": 4, "matrix_sub_K3_0_2": 1.0, "matrix_main_1_2": 1.0, "sub_1_1": "K2_S2", "data_type_K1_S3": "Kategorikal", "is_range_K1_S2": false, "value_A2_K3_S1": 0.0, "value_A3_K2_S3": 0.0, "matrix_sub_K2_1_3": 1.0, "matrix_sub_K1_1_2": 1.0, "num_sub_0": 3, "matrix_sub_K2_1_2": 1.0, "data_type_K2_S2": "Numerik", "sub_2_1": "K3_S2", "value_A1_K1_S2": 0.0, "value_A2_K3_S3": 0.0, "is_range_K3_S1": false, "sub_1_3": "K2_S4", "value_A3_K1_S3": "", "value_A2_K3_S2": 0.0, "sub_2_2": "K3_S3", "data_type_K1_S1": "Numerik", "matrix_sub_K2_0_3": 1.0, "value_A3_K1_S2": 0.0, "is_range_K3_S2": false, "is_range_K2_S1": false, "is_consistent": true, "ideal_value_K2_S1": 5.0, "alt_name_2": "A3", "value_A1_K2_S3": 0.0, "sub_1_0": "K2_S1", "sub_0_0": "K1_S1", "ideal_value_K3_S2": 5.0, "value_A2_K1_S2": 0.0, "ideal_value_K2_S4": 5.0, "data_type_K3_S1": "Numerik", "value_A3_K3_S1": 0.0, "sub_2_0": "K3_S1", "value_A1_K1_S1": 0.0, "save_file_name": "tes.json", "ideal_value_K3_S3": 5.0, "min_value_K1_S1": 0.0, "value_A2_K1_S1": 0.0, "value_A2_K1_S3": "", "matrix_sub_K2_2_3": 1.0, "data_type_K3_S3": "Numerik", "is_range_K1_S1": true, "value_A2_K2_S1": 0.0, "value_A2_K2_S4": 0.0, "data_type_K3_S2": "Numerik", "is_range_K2_S3": false, "ideal_value_K3_S1": 5.0}}