{"ahp_results": {"criteria_labels": ["Iklim", "Topografi", "Tanah"], "weights_main": [0.4053875480953168, 0.11397236672339138, 0.48064008518129187], "sub_criteria_dict": {"Iklim": ["Suhu", "Curah Hujan", "Kelembaban Udara", "Penyinaran"], "Topografi": ["Ketinggian", "Kemiringan", "Drainase"], "Tanah": ["PH", "Kelembaban Tanah", "Jenis Tanah", "Tekstur Tanah"]}, "sub_matrices": {"Iklim": [[1.0, 0.333, 5.0, 1.0], [3.003003003003003, 1.0, 7.0, 3.0], [0.2, 0.14285714285714285, 1.0, 0.2], [1.0, 0.3333333333333333, 5.0, 1.0]], "Topografi": [[1.0, 5.0, 1.0], [0.2, 1.0, 0.333], [1.0, 3.003003003003003, 1.0]], "Tanah": [[1.0, 3.0, 1.0, 5.0], [0.3333333333333333, 1.0, 0.2, 1.0], [1.0, 5.0, 1.0, 5.0], [0.2, 1.0, 0.2, 1.0]]}, "df_main": {"Iklim": {"Iklim": 1.0, "Topografi": 0.3333333333333333, "Tanah": 1.0}, "Topografi": {"Iklim": 3.0, "Topografi": 1.0, "Tanah": 5.0}, "Tanah": {"Iklim": 1.0, "Topografi": 0.2, "Tanah": 1.0}, "Weight": {"Iklim": 0.4053875480953168, "Topografi": 0.11397236672339138, "Tanah": 0.48064008518129187}}, "sub_results": {"Iklim": {"df_sub": {"Suhu": {"Suhu": 1.0, "Curah Hujan": 3.003003003003003, "Kelembaban Udara": 0.2, "Penyinaran": 1.0}, "Curah Hujan": {"Suhu": 0.333, "Curah Hujan": 1.0, "Kelembaban Udara": 0.14285714285714285, "Penyinaran": 0.3333333333333333}, "Kelembaban Udara": {"Suhu": 5.0, "Curah Hujan": 7.0, "Kelembaban Udara": 1.0, "Penyinaran": 5.0}, "Penyinaran": {"Suhu": 1.0, "Curah Hujan": 3.0, "Kelembaban Udara": 0.2, "Penyinaran": 1.0}, "Weight": {"Suhu": 0.21172619277244356, "Curah Hujan": 0.5252484675762733, "Kelembaban Udara": 0.051246182223596864, "Penyinaran": 0.21177915742768616}}, "weights_sub": [0.21172619277244356, 0.5252484675762733, 0.051246182223596864, 0.21177915742768616], "lambda_max_sub": 4.073255487395402, "CI_sub": 0.024418495798467294, "CR_sub": 0.02713166199829699, "RI_sub": 0.9}, "Topografi": {"df_sub": {"Ketinggian": {"Ketinggian": 1.0, "Kemiringan": 0.2, "Drainase": 1.0}, "Kemiringan": {"Ketinggian": 5.0, "Kemiringan": 1.0, "Drainase": 3.003003003003003}, "Drainase": {"Ketinggian": 1.0, "Kemiringan": 0.333, "Drainase": 1.0}, "Weight": {"Ketinggian": 0.4805933638747882, "Kemiringan": 0.1139232881112092, "Drainase": 0.40548334801400254}}, "weights_sub": [0.4805933638747882, 0.1139232881112092, 0.40548334801400254], "lambda_max_sub": 3.028949756418395, "CI_sub": 0.014474878209197461, "CR_sub": 0.02495668656758183, "RI_sub": 0.58}, "Tanah": {"df_sub": {"PH": {"PH": 1.0, "Kelembaban Tanah": 0.3333333333333333, "Jenis Tanah": 1.0, "Tekstur Tanah": 0.2}, "Kelembaban Tanah": {"PH": 3.0, "Kelembaban Tanah": 1.0, "Jenis Tanah": 5.0, "Tekstur Tanah": 1.0}, "Jenis Tanah": {"PH": 1.0, "Kelembaban Tanah": 0.2, "Jenis Tanah": 1.0, "Tekstur Tanah": 0.2}, "Tekstur Tanah": {"PH": 5.0, "Kelembaban Tanah": 1.0, "Jenis Tanah": 5.0, "Tekstur Tanah": 1.0}, "Weight": {"PH": 0.38143740520354763, "Kelembaban Tanah": 0.09848671453159402, "Jenis Tanah": 0.4333965668873818, "Tekstur Tanah": 0.08667931337747636}}, "weights_sub": [0.38143740520354763, 0.09848671453159402, 0.4333965668873818, 0.08667931337747636], "lambda_max_sub": 4.032728882755215, "CI_sub": 0.010909627585071746, "CR_sub": 0.012121808427857496, "RI_sub": 0.9}}}, "pm_results": [{"Alternatif": "Binangun", "Suhu": 5, "Curah Hujan": 5, "Kelembaban Udara": 5, "Penyinaran": 5, "Ketinggian": 2.944, "Kemiringan": 5, "Drainase": 5, "PH": 5, "Kelembaban Tanah": 4.626666666666667, "Jenis Tanah": 1, "Tekstur Tanah": 1, "Iklim": 4.999999999999999, "Topografi": 4.011900043873435, "Tanah": 2.882928105515438, "Final Score": 3.8698342937409977, "Ranking": 1}, {"Alternatif": "Bakung", "Suhu": 5, "Curah Hujan": 5, "Kelembaban Udara": 5, "Penyinaran": 5, "Ketinggian": 2.2800000000000002, "Kemiringan": 5, "Drainase": 5, "PH": 5, "Kelembaban Tanah": 4.626666666666667, "Jenis Tanah": 1, "Tekstur Tanah": 1, "Iklim": 4.999999999999999, "Topografi": 3.692786050260576, "Tanah": 2.882928105515438, "Final Score": 3.833464116634387, "Ranking": 2}], "form_data": {"num_criteria": 3, "criteria_labels": [], "sub_criteria_dict": {}, "num_alternatives": 2, "alternatives": {}, "min_value_Kelembaban Tanah": 0.3, "value_Bakung_Suhu": 26.202, "min_value_Penyinaran": 6.0, "is_range_Ketinggian": true, "sub_2_3": "Tekstur Tanah", "matrix_sub_Topografi_0_1": 5.0, "data_type_PH": "Numerik", "sub_0_1": "Curah Hujan", "ideal_value_Drainase": "lancar", "matrix_sub_Iklim_2_3": 0.2, "criteria_0": "Iklim", "matrix_sub_Iklim_0_2": 5.0, "value_Bakung_Kemiringan": 45.0, "alt_name_1": "Binangun", "value_Binangun_Penyinaran": 7.749, "value_Binangun_Jenis Tanah": "mediteran", "matrix_sub_Iklim_0_3": 1.0, "sub_1_1": "Kemiringan", "is_range_Kelembaban Udara": true, "data_type_Suhu": "Numerik", "data_type_Jenis Tanah": "Kategorikal", "value_Bakung_Kelembaban Udara": 83.806, "value_Binangun_Kemiringan": 45.0, "criteria_1": "Topografi", "matrix_main_0_2": 1.0, "max_value_Kelembaban Udara": 100.0, "max_value_Curah Hujan": 1200.0, "value_Binangun_Tekstur Tanah": "berbatu", "value_Bakung_Tekstur Tanah": "berbatu", "value_Bakung_Curah Hujan": 1133.2, "max_value_Ketinggian": 1000.0, "matrix_main_1_2": 0.2, "value_Bakung_Penyinaran": 7.749, "min_value_PH": 4.5, "sub_2_0": "PH", "value_Bakung_Kelembaban Tanah": 0.272, "max_value_PH": 7.7, "data_type_Ketinggian": "Numerik", "value_Bakung_PH": 6.7, "value_Binangun_Drainase": "lancar", "is_range_Suhu": true, "min_value_Ketinggian": 500.0, "min_value_Kemiringan": 0.0, "matrix_main_0_1": 3.0, "is_range_PH": true, "matrix_sub_Tanah_1_2": 0.2, "sub_1_2": "Drainase", "matrix_sub_Tanah_2_3": 5.0, "data_type_Kemiringan": "Numerik", "ideal_value_Jenis Tanah": "asosiasi latosol cokelat dan regosol kelabu", "matrix_sub_Topografi_0_2": 1.0, "ideal_value_Tekstur Tanah": "lempung, liat, berpasir", "min_value_Curah Hujan": 500.0, "value_Bakung_Ketinggian": 160.0, "data_type_Curah Hujan": "Numerik", "min_value_Kelembaban Udara": 60.0, "sub_0_0": "Suhu", "sub_1_0": "Ketinggian", "sub_criteria": {"Iklim": ["Suhu", "Curah Hujan", "Kelembaban Udara", "Penyinaran"], "Topografi": ["Ketinggian", "Kemiringan", "Drainase"], "Tanah": ["PH", "Kelembaban Tanah", "Jenis Tanah", "Tekstur Tanah"]}, "is_range_Kelembaban Tanah": true, "matrix_sub_Tanah_0_1": 3.0, "value_Binangun_Kelembaban Udara": 83.806, "value_Binangun_Ketinggian": 243.0, "sub_0_3": "Penyinaran", "is_range_Penyinaran": true, "is_range_Curah Hujan": true, "save_file_name": "V1.json", "num_sub_2": 4, "matrix_sub_Iklim_1_3": 3.0, "matrix_sub_Tanah_1_3": 1.0, "max_value_Kemiringan": 45.0, "data_type_Drainase": "Kategorikal", "sub_2_2": "Jenis Tanah", "num_sub_1": 3, "sub_0_2": "Kelembaban Udara", "value_Binangun_Suhu": 25.442, "matrix_sub_Tanah_0_3": 5.0, "data_type_Penyinaran": "Numerik", "value_Binangun_PH": 6.7, "min_value_Suhu": 18.0, "alt_name_0": "Bakung", "matrix_sub_Topografi_1_2": 0.333, "data_type_Kelembaban Udara": "Numerik", "max_value_Penyinaran": 8.0, "is_range_Kemiringan": true, "max_value_Suhu": 33.0, "sub_2_1": "Kelembaban Tanah", "num_sub_0": 4, "value_Bakung_Jenis Tanah": "kompleks litosol mediteran dan renzina", "reload": false, "matrix_sub_Iklim_1_2": 7.0, "matrix_sub_Iklim_0_1": 0.333, "max_value_Kelembaban Tanah": 0.6, "value_Bakung_Drainase": "lancar", "value_Binangun_Kelembaban Tanah": 0.272, "matrix_sub_Tanah_0_2": 1.0, "data_type_Tekstur Tanah": "Kategorikal", "data_type_Kelembaban Tanah": "Numerik", "value_Binangun_Curah Hujan": 1133.2, "criteria_2": "Tanah"}}